{"cameraMode":{"drawMode":0,"name":"Shaded","section":"Shading Mode"},"sceneLighting":true,"audioPlay":false,"sceneViewState":{"m_AlwaysRefresh":false,"showFog":true,"showSkybox":true,"showFlares":true,"showImageEffects":true,"showParticleSystems":true,"showVisualEffectGraphs":true,"m_FxEnabled":true},"in2DMode":false,"pivot":{"x":2.3911521434783937,"y":15.23486328125,"z":-42.04275894165039},"rotation":{"x":-0.11044883728027344,"y":-0.025045787915587426,"z":0.0027829420287162067,"w":-0.9935722351074219},"size":18.998414993286134,"orthographic":false}